<?xml version="1.0" encoding="UTF-8" standalone="yes"?>
<addon id="plugin.video.pystream"
       name="pystream"
       version="0.0.2"
       provider-name="mdmdmdmdmd">
  <requires>
	<import addon="xbmc.python" version="2.14.0"/>
	<import addon="script.common.plugin.cache" version="0.9.1"/>
  </requires>
  <extension point="xbmc.python.pluginsource"
            library="default.py">
        <provides>video</provides>
  </extension>
  <extension point="xbmc.addon.metadata">
	<summary lang="en">pystream</summary>
	<description lang="en">Streams things from your pystream server.</description>
	<platform>all</platform>
	<language>en</language>
	<license>GNU GENERAL PUBLIC LICENSE. Version 2, June 1991</license>
  </extension>
</addon>